codigo_uf;Estado;Semana;srag_excesso;srag_tot_2020;covid;covid_sub;covid_acum;covid_sub_acum;populacao;covid_100k;covid_sub_100k;covid_acum_100k;covid_sub_acum_100k;UF;code_region;Regiao
11;Rondônia; 1;    0;    0;   0;   0;    0;    0; 1777225; 0,000000000; 0,00000000;0,000000e+00; 0,00000000;RO;1;Norte
11;Rondônia; 2;    0;    0;   0;   0;    0;    0; 1777225; 0,000000000; 0,00000000;0,000000e+00; 0,00000000;RO;1;Norte
11;Rondônia; 3;    3;    3;   0;   3;    0;    3; 1777225; 0,000000000; 0,16880249;0,000000e+00; 0,16880249;RO;1;Norte
11;Rondônia; 4;    4;    4;   0;   4;    0;    7; 1777225; 0,000000000; 0,22506998;0,000000e+00; 0,39387247;RO;1;Norte
11;Rondônia; 5;    0;    0;   0;   0;    0;    7; 1777225; 0,000000000; 0,00000000;0,000000e+00; 0,39387247;RO;1;Norte
11;Rondônia; 6;    0;    1;   0;   0;    0;    7; 1777225; 0,000000000; 0,00000000;0,000000e+00; 0,39387247;RO;1;Norte
11;Rondônia; 7;    0;    0;   0;   0;    0;    7; 1777225; 0,000000000; 0,00000000;0,000000e+00; 0,39387247;RO;1;Norte
11;Rondônia; 8;    0;    1;   0;   0;    0;    7; 1777225; 0,000000000; 0,00000000;0,000000e+00; 0,39387247;RO;1;Norte
11;Rondônia; 9;    1;    2;   1;   0;    1;    7; 1777225; 0,056267496; 0,00000000;5,626750e-02; 0,39387247;RO;1;Norte
11;Rondônia;10;    3;    3;   0;   3;    1;   10; 1777225; 0,000000000; 0,16880249;5,626750e-02; 0,56267496;RO;1;Norte
11;Rondônia;11;    1;    2;   0;   1;    1;   11; 1777225; 0,000000000; 0,05626750;5,626750e-02; 0,61894245;RO;1;Norte
11;Rondônia;12;    3;    4;   0;   3;    1;   14; 1777225; 0,000000000; 0,16880249;5,626750e-02; 0,78774494;RO;1;Norte
11;Rondônia;13;    4;    7;   1;   3;    2;   17; 1777225; 0,056267496; 0,16880249;1,125350e-01; 0,95654743;RO;1;Norte
11;Rondônia;14;   35;   36;   1;  34;    3;   51; 1777225; 0,056267496; 1,91309485;1,688025e-01; 2,86964228;RO;1;Norte
11;Rondônia;15;   27;   28;   8;  19;   11;   70; 1777225; 0,450139965; 1,06908242;6,189425e-01; 3,93872470;RO;1;Norte
11;Rondônia;16;   41;   43;  22;  19;   33;   89; 1777225; 1,237884905; 1,06908242;1,856827e+00; 5,00780712;RO;1;Norte
11;Rondônia;17;   21;   23;  13;   8;   46;   97; 1777225; 0,731477444; 0,45013997;2,588305e+00; 5,45794708;RO;1;Norte
11;Rondônia;18;   16;   18;  11;   5;   57;  102; 1777225; 0,618942452; 0,28133748;3,207247e+00; 5,73928456;RO;1;Norte
11;Rondônia;19;   32;   35;  20;  12;   77;  114; 1777225; 1,125349913; 0,67520995;4,332597e+00; 6,41449451;RO;1;Norte
11;Rondônia;20;   38;   39;  16;  22;   93;  136; 1777225; 0,900279931; 1,23788490;5,232877e+00; 7,65237941;RO;1;Norte
11;Rondônia;21;   28;   29;  15;  13;  108;  149; 1777225; 0,844012435; 0,73147744;6,076890e+00; 8,38385686;RO;1;Norte
12;Acre; 1;    0;    2;   0;   0;    0;    0;  881935; 0,000000000; 0,00000000;0,000000e+00; 0,00000000;AC;1;Norte
12;Acre; 2;    1;    4;   0;   1;    0;    1;  881935; 0,000000000; 0,11338704;0,000000e+00; 0,11338704;AC;1;Norte
12;Acre; 3;    3;    4;   0;   3;    0;    4;  881935; 0,000000000; 0,34016112;0,000000e+00; 0,45354816;AC;1;Norte
12;Acre; 4;    1;    2;   0;   1;    0;    5;  881935; 0,000000000; 0,11338704;0,000000e+00; 0,56693520;AC;1;Norte
12;Acre; 5;    1;    3;   0;   1;    0;    6;  881935; 0,000000000; 0,11338704;0,000000e+00; 0,68032225;AC;1;Norte
12;Acre; 6;    3;    5;   0;   3;    0;    9;  881935; 0,000000000; 0,34016112;0,000000e+00; 1,02048337;AC;1;Norte
12;Acre; 7;    3;    4;   0;   3;    0;   12;  881935; 0,000000000; 0,34016112;0,000000e+00; 1,36064449;AC;1;Norte
12;Acre; 8;    3;    5;   0;   3;    0;   15;  881935; 0,000000000; 0,34016112;0,000000e+00; 1,70080561;AC;1;Norte
12;Acre; 9;    1;    4;   0;   1;    0;   16;  881935; 0,000000000; 0,11338704;0,000000e+00; 1,81419266;AC;1;Norte
12;Acre;10;    5;    8;   0;   5;    0;   21;  881935; 0,000000000; 0,56693520;0,000000e+00; 2,38112786;AC;1;Norte
12;Acre;11;    1;    3;   0;   1;    0;   22;  881935; 0,000000000; 0,11338704;0,000000e+00; 2,49451490;AC;1;Norte
12;Acre;12;    2;    5;   0;   2;    0;   24;  881935; 0,000000000; 0,22677408;0,000000e+00; 2,72128898;AC;1;Norte
12;Acre;13;    7;   11;   2;   5;    2;   29;  881935; 0,226774082; 0,56693520;2,267741e-01; 3,28822419;AC;1;Norte
12;Acre;14;    8;   12;   4;   4;    6;   33;  881935; 0,453548164; 0,45354816;6,803222e-01; 3,74177235;AC;1;Norte
12;Acre;15;   12;   14;   7;   5;   13;   38;  881935; 0,793709287; 0,56693520;1,474032e+00; 4,30870756;AC;1;Norte
12;Acre;16;   12;   15;  12;   0;   25;   38;  881935; 1,360644492; 0,00000000;2,834676e+00; 4,30870756;AC;1;Norte
12;Acre;17;   19;   22;  18;   1;   43;   39;  881935; 2,040966738; 0,11338704;4,875643e+00; 4,42209460;AC;1;Norte
12;Acre;18;   26;   28;  25;   1;   68;   40;  881935; 2,834676025; 0,11338704;7,710319e+00; 4,53548164;AC;1;Norte
12;Acre;19;   27;   32;  18;   9;   86;   49;  881935; 2,040966738; 1,02048337;9,751286e+00; 5,55596501;AC;1;Norte
12;Acre;20;   63;   66;  30;  33;  116;   82;  881935; 3,401611230; 3,74177235;1,315290e+01; 9,29773736;AC;1;Norte
12;Acre;21;   22;   24;   7;  15;  123;   97;  881935; 0,793709287; 1,70080561;1,394661e+01;10,99854298;AC;1;Norte
13;Amazonas; 1;   11;   11;   0;  11;    0;   11; 4144597; 0,000000000; 0,26540578;0,000000e+00; 0,26540578;AM;1;Norte
13;Amazonas; 2;   25;   25;   0;  25;    0;   36; 4144597; 0,000000000; 0,60319495;0,000000e+00; 0,86860073;AM;1;Norte
13;Amazonas; 3;   19;   20;   0;  19;    0;   55; 4144597; 0,000000000; 0,45842817;0,000000e+00; 1,32702890;AM;1;Norte
13;Amazonas; 4;   16;   17;   0;  16;    0;   71; 4144597; 0,000000000; 0,38604477;0,000000e+00; 1,71307367;AM;1;Norte
13;Amazonas; 5;   25;   25;   0;  25;    0;   96; 4144597; 0,000000000; 0,60319495;0,000000e+00; 2,31626863;AM;1;Norte
13;Amazonas; 6;   26;   26;   0;  26;    0;  122; 4144597; 0,000000000; 0,62732275;0,000000e+00; 2,94359138;AM;1;Norte
13;Amazonas; 7;   26;   27;   0;  26;    0;  148; 4144597; 0,000000000; 0,62732275;0,000000e+00; 3,57091413;AM;1;Norte
13;Amazonas; 8;   39;   40;   0;  39;    0;  187; 4144597; 0,000000000; 0,94098413;0,000000e+00; 4,51189826;AM;1;Norte
13;Amazonas; 9;   36;   37;   0;  36;    0;  223; 4144597; 0,000000000; 0,86860073;0,000000e+00; 5,38049900;AM;1;Norte
13;Amazonas;10;   27;   28;   1;  26;    1;  249; 4144597; 0,024127798; 0,62732275;2,412780e-02; 6,00782175;AM;1;Norte
13;Amazonas;11;   48;   50;   3;  45;    4;  294; 4144597; 0,072383395; 1,08575092;9,651119e-02; 7,09357267;AM;1;Norte
13;Amazonas;12;  152;  154;  55;  97;   59;  391; 4144597; 1,327028901; 2,34039642;1,423540e+00; 9,43396909;AM;1;Norte
13;Amazonas;13;  283;  284; 150; 133;  209;  524; 4144597; 3,619169729; 3,20899716;5,042710e+00;12,64296625;AM;1;Norte
13;Amazonas;14;  588;  591; 397; 191;  606;  715; 4144597; 9,578735882; 4,60840945;1,462145e+01;17,25137571;AM;1;Norte
13;Amazonas;15;  996; 1000; 606; 390; 1212; 1105; 4144597;14,621445704; 9,40984129;2,924289e+01;26,66121700;AM;1;Norte
13;Amazonas;16; 1250; 1253; 675; 575; 1887; 1680; 4144597;16,286263779;13,87348396;4,552916e+01;40,53470096;AM;1;Norte
13;Amazonas;17; 1389; 1391; 772; 617; 2659; 2297; 4144597;18,626660204;14,88685148;6,415582e+01;55,42155245;AM;1;Norte
13;Amazonas;18; 1306; 1309; 800; 506; 3459; 2803; 4144597;19,302238553;12,20866588;8,345805e+01;67,63021833;AM;1;Norte
13;Amazonas;19;  891;  894; 596; 295; 4055; 3098; 4144597;14,380167722; 7,11770047;9,783822e+01;74,74791880;AM;1;Norte
13;Amazonas;20;  750;  753; 479; 271; 4534; 3369; 4144597;11,557215334; 6,53863331;1,093954e+02;81,28655211;AM;1;Norte
13;Amazonas;21;  508;  509; 261; 247; 4795; 3616; 4144597; 6,297355328; 5,95956615;1,156928e+02;87,24611826;AM;1;Norte
14;Roraima; 1;    0;    0;   0;   0;    0;    0;  605761; 0,000000000; 0,00000000;0,000000e+00; 0,00000000;RR;1;Norte
14;Roraima; 2;    1;    1;   0;   1;    0;    1;  605761; 0,000000000; 0,16508161;0,000000e+00; 0,16508161;RR;1;Norte
14;Roraima; 3;    0;    0;   0;   0;    0;    1;  605761; 0,000000000; 0,00000000;0,000000e+00; 0,16508161;RR;1;Norte
14;Roraima; 4;    0;    0;   0;   0;    0;    1;  605761; 0,000000000; 0,00000000;0,000000e+00; 0,16508161;RR;1;Norte
14;Roraima; 5;    0;    0;   0;   0;    0;    1;  605761; 0,000000000; 0,00000000;0,000000e+00; 0,16508161;RR;1;Norte
14;Roraima; 6;    0;    0;   0;   0;    0;    1;  605761; 0,000000000; 0,00000000;0,000000e+00; 0,16508161;RR;1;Norte
14;Roraima; 7;    1;    1;   0;   1;    0;    2;  605761; 0,000000000; 0,16508161;0,000000e+00; 0,33016322;RR;1;Norte
14;Roraima; 8;    0;    0;   0;   0;    0;    2;  605761; 0,000000000; 0,00000000;0,000000e+00; 0,33016322;RR;1;Norte
14;Roraima; 9;    0;    0;   0;   0;    0;    2;  605761; 0,000000000; 0,00000000;0,000000e+00; 0,33016322;RR;1;Norte
14;Roraima;10;    1;    1;   0;   1;    0;    3;  605761; 0,000000000; 0,16508161;0,000000e+00; 0,49524482;RR;1;Norte
14;Roraima;11;    3;    3;   0;   3;    0;    6;  605761; 0,000000000; 0,49524482;0,000000e+00; 0,99048965;RR;1;Norte
14;Roraima;12;   10;   10;   2;   8;    2;   14;  605761; 0,330163216; 1,32065286;3,301632e-01; 2,31114251;RR;1;Norte
14;Roraima;13;    3;    3;   1;   2;    3;   16;  605761; 0,165081608; 0,33016322;4,952448e-01; 2,64130573;RR;1;Norte
14;Roraima;14;    4;    4;   1;   3;    4;   19;  605761; 0,165081608; 0,49524482;6,603264e-01; 3,13655055;RR;1;Norte
14;Roraima;15;   10;   10;   5;   5;    9;   24;  605761; 0,825408040; 0,82540804;1,485734e+00; 3,96195859;RR;1;Norte
14;Roraima;16;   11;   11;   6;   5;   15;   29;  605761; 0,990489649; 0,82540804;2,476224e+00; 4,78736663;RR;1;Norte
14;Roraima;17;   27;   27;  19;   8;   34;   37;  605761; 3,136550554; 1,32065286;5,612775e+00; 6,10801950;RR;1;Norte
14;Roraima;18;   23;   23;  22;   1;   56;   38;  605761; 3,631795378; 0,16508161;9,244570e+00; 6,27310111;RR;1;Norte
14;Roraima;19;   29;   29;  26;   3;   82;   41;  605761; 4,292121810; 0,49524482;1,353669e+01; 6,76834593;RR;1;Norte
14;Roraima;20;   33;   33;  22;  11;  104;   52;  605761; 3,631795378; 1,81589769;1,716849e+01; 8,58424362;RR;1;Norte
14;Roraima;21;   45;   45;  41;   4;  145;   56;  605761; 6,768345932; 0,66032643;2,393683e+01; 9,24457005;RR;1;Norte
15;Pará; 1;    7;    9;   0;   7;    0;    7; 8602865; 0,000000000; 0,08136824;0,000000e+00; 0,08136824;PA;1;Norte
15;Pará; 2;   12;   13;   0;  12;    0;   19; 8602865; 0,000000000; 0,13948841;0,000000e+00; 0,22085666;PA;1;Norte
15;Pará; 3;   11;   13;   0;  11;    0;   30; 8602865; 0,000000000; 0,12786438;0,000000e+00; 0,34872104;PA;1;Norte
15;Pará; 4;    5;   10;   0;   5;    0;   35; 8602865; 0,000000000; 0,05812017;0,000000e+00; 0,40684121;PA;1;Norte
15;Pará; 5;    4;    6;   0;   4;    0;   39; 8602865; 0,000000000; 0,04649614;0,000000e+00; 0,45333735;PA;1;Norte
15;Pará; 6;   15;   17;   0;  15;    0;   54; 8602865; 0,000000000; 0,17436052;0,000000e+00; 0,62769787;PA;1;Norte
15;Pará; 7;    6;   11;   0;   6;    0;   60; 8602865; 0,000000000; 0,06974421;0,000000e+00; 0,69744207;PA;1;Norte
15;Pará; 8;   18;   23;   0;  18;    0;   78; 8602865; 0,000000000; 0,20923262;0,000000e+00; 0,90667469;PA;1;Norte
15;Pará; 9;   19;   26;   0;  19;    0;   97; 8602865; 0,000000000; 0,22085666;0,000000e+00; 1,12753135;PA;1;Norte
15;Pará;10;   25;   33;   5;  20;    5;  117; 8602865; 0,058120173; 0,23248069;5,812017e-02; 1,36001204;PA;1;Norte
15;Pará;11;   38;   50;   9;  29;   14;  146; 8602865; 0,104616311; 0,33709700;1,627365e-01; 1,69710904;PA;1;Norte
15;Pará;12;  111;  117;  15;  96;   29;  242; 8602865; 0,174360518; 1,11590732;3,370970e-01; 2,81301636;PA;1;Norte
15;Pará;13;  126;  134;  46;  80;   75;  322; 8602865; 0,534705589; 0,92992276;8,718026e-01; 3,74293913;PA;1;Norte
15;Pará;14;  234;  245; 146;  88;  221;  410; 8602865; 1,697109044; 1,02291504;2,568912e+00; 4,76585417;PA;1;Norte
15;Pará;15;  613;  632; 498; 115;  719;  525; 8602865; 5,788769207; 1,33676397;8,357681e+00; 6,10261814;PA;1;Norte
15;Pará;16; 1164; 1183; 929; 235; 1648;  760; 8602865;10,798728098; 2,73164812;1,915641e+01; 8,83426626;PA;1;Norte
15;Pará;17; 1616; 1635;1187; 429; 2835; 1189; 8602865;13,797729012; 4,98671082;3,295414e+01;13,82097708;PA;1;Norte
15;Pará;18; 1822; 1838;1260; 562; 4095; 1751; 8602865;14,646283535; 6,53270742;4,760042e+01;20,35368450;PA;1;Norte
15;Pará;19; 1592; 1609;1155; 437; 5250; 2188; 8602865;13,425759907; 5,07970310;6,102618e+01;25,43338760;PA;1;Norte
15;Pará;20; 1393; 1412; 959; 434; 6209; 2622; 8602865;11,147449135; 5,04483100;7,217363e+01;30,47821859;PA;1;Norte
15;Pará;21;  949;  965; 603; 346; 6812; 2968; 8602865; 7,009292834; 4,02191595;7,918292e+01;34,50013455;PA;1;Norte
16;Amapá; 1;    0;    0;   0;   0;    0;    0;  845731; 0,000000000; 0,00000000;0,000000e+00; 0,00000000;AP;1;Norte
16;Amapá; 2;    0;    0;   0;   0;    0;    0;  845731; 0,000000000; 0,00000000;0,000000e+00; 0,00000000;AP;1;Norte
16;Amapá; 3;    0;    0;   0;   0;    0;    0;  845731; 0,000000000; 0,00000000;0,000000e+00; 0,00000000;AP;1;Norte
16;Amapá; 4;    0;    0;   0;   0;    0;    0;  845731; 0,000000000; 0,00000000;0,000000e+00; 0,00000000;AP;1;Norte
16;Amapá; 5;    0;    0;   0;   0;    0;    0;  845731; 0,000000000; 0,00000000;0,000000e+00; 0,00000000;AP;1;Norte
16;Amapá; 6;    0;    0;   0;   0;    0;    0;  845731; 0,000000000; 0,00000000;0,000000e+00; 0,00000000;AP;1;Norte
16;Amapá; 7;    1;    1;   0;   1;    0;    1;  845731; 0,000000000; 0,11824091;0,000000e+00; 0,11824091;AP;1;Norte
16;Amapá; 8;    0;    0;   0;   0;    0;    1;  845731; 0,000000000; 0,00000000;0,000000e+00; 0,11824091;AP;1;Norte
16;Amapá; 9;    0;    0;   0;   0;    0;    1;  845731; 0,000000000; 0,00000000;0,000000e+00; 0,11824091;AP;1;Norte
16;Amapá;10;    1;    1;   0;   1;    0;    2;  845731; 0,000000000; 0,11824091;0,000000e+00; 0,23648181;AP;1;Norte
16;Amapá;11;    3;    3;   0;   3;    0;    5;  845731; 0,000000000; 0,35472272;0,000000e+00; 0,59120453;AP;1;Norte
16;Amapá;12;    4;    4;   1;   3;    1;    8;  845731; 0,118240906; 0,35472272;1,182409e-01; 0,94592725;AP;1;Norte
16;Amapá;13;   12;   12;   3;   9;    4;   17;  845731; 0,354722719; 1,06416816;4,729636e-01; 2,01009541;AP;1;Norte
16;Amapá;14;   15;   16;   7;   8;   11;   25;  845731; 0,827686345; 0,94592725;1,300650e+00; 2,95602266;AP;1;Norte
16;Amapá;15;    8;    9;   5;   3;   16;   28;  845731; 0,591204532; 0,35472272;1,891855e+00; 3,31074538;AP;1;Norte
16;Amapá;16;   20;   20;  10;  10;   26;   38;  845731; 1,182409064; 1,18240906;3,074264e+00; 4,49315444;AP;1;Norte
16;Amapá;17;   54;   54;  33;  21;   59;   59;  845731; 3,901949911; 2,48305903;6,976213e+00; 6,97621348;AP;1;Norte
16;Amapá;18;   54;   54;  22;  32;   81;   91;  845731; 2,601299941; 3,78370900;9,577513e+00;10,75992248;AP;1;Norte
16;Amapá;19;   31;   31;  16;  15;   97;  106;  845731; 1,891854502; 1,77361360;1,146937e+01;12,53353608;AP;1;Norte
16;Amapá;20;   20;   21;  14;   6;  111;  112;  845731; 1,655372689; 0,70944544;1,312474e+01;13,24298152;AP;1;Norte
16;Amapá;21;   26;   27;  20;   6;  131;  118;  845731; 2,364818128; 0,70944544;1,548956e+01;13,95242695;AP;1;Norte
17;Tocantins; 1;    4;    4;   0;   4;    0;    4; 1572866; 0,000000000; 0,25431283;0,000000e+00; 0,25431283;TO;1;Norte
17;Tocantins; 2;    4;    4;   0;   4;    0;    8; 1572866; 0,000000000; 0,25431283;0,000000e+00; 0,50862566;TO;1;Norte
17;Tocantins; 3;    3;    3;   0;   3;    0;   11; 1572866; 0,000000000; 0,19073462;0,000000e+00; 0,69936028;TO;1;Norte
17;Tocantins; 4;    2;    2;   0;   2;    0;   13; 1572866; 0,000000000; 0,12715641;0,000000e+00; 0,82651669;TO;1;Norte
17;Tocantins; 5;    4;    4;   0;   4;    0;   17; 1572866; 0,000000000; 0,25431283;0,000000e+00; 1,08082952;TO;1;Norte
17;Tocantins; 6;   11;   11;   0;  11;    0;   28; 1572866; 0,000000000; 0,69936028;0,000000e+00; 1,78018979;TO;1;Norte
17;Tocantins; 7;   11;   12;   0;  11;    0;   39; 1572866; 0,000000000; 0,69936028;0,000000e+00; 2,47955007;TO;1;Norte
17;Tocantins; 8;    4;    4;   0;   4;    0;   43; 1572866; 0,000000000; 0,25431283;0,000000e+00; 2,73386290;TO;1;Norte
17;Tocantins; 9;    4;    4;   0;   4;    0;   47; 1572866; 0,000000000; 0,25431283;0,000000e+00; 2,98817573;TO;1;Norte
17;Tocantins;10;    8;    8;   0;   8;    0;   55; 1572866; 0,000000000; 0,50862566;0,000000e+00; 3,49680138;TO;1;Norte
17;Tocantins;11;   16;   17;   2;  14;    2;   69; 1572866; 0,127156414; 0,89009490;1,271564e-01; 4,38689628;TO;1;Norte
17;Tocantins;12;   22;   22;   1;  21;    3;   90; 1572866; 0,063578207; 1,33514235;1,907346e-01; 5,72203862;TO;1;Norte
17;Tocantins;13;   19;   20;   0;  19;    3;  109; 1572866; 0,000000000; 1,20798593;1,907346e-01; 6,93002455;TO;1;Norte
17;Tocantins;14;   15;   16;   1;  14;    4;  123; 1572866; 0,063578207; 0,89009490;2,543128e-01; 7,82011945;TO;1;Norte
17;Tocantins;15;   24;   24;   3;  21;    7;  144; 1572866; 0,190734621; 1,33514235;4,450474e-01; 9,15526180;TO;1;Norte
17;Tocantins;16;   24;   25;   9;  15;   16;  159; 1572866; 0,572203862; 0,95367310;1,017251e+00;10,10893490;TO;1;Norte
17;Tocantins;17;   65;   66;  29;  36;   45;  195; 1572866; 1,843768001; 2,28881545;2,861019e+00;12,39775035;TO;1;Norte
17;Tocantins;18;   94;   95;  49;  45;   94;  240; 1572866; 3,115332139; 2,86101931;5,976351e+00;15,25876966;TO;1;Norte
17;Tocantins;19;  115;  117;  65;  50;  159;  290; 1572866; 4,132583450; 3,17891035;1,010893e+01;18,43768001;TO;1;Norte
17;Tocantins;20;  162;  164;  88;  74;  247;  364; 1572866; 5,594882209; 4,70478731;1,570382e+01;23,14246732;TO;1;Norte
17;Tocantins;21;  129;  130;  58;  71;  305;  435; 1572866; 3,687536001; 4,51405269;1,939135e+01;27,65652001;TO;1;Norte
21;Maranhão; 1;    3;    3;   0;   3;    0;    3; 7075181; 0,000000000; 0,04240174;0,000000e+00; 0,04240174;MA;2;Nordeste
21;Maranhão; 2;    3;    3;   0;   3;    0;    6; 7075181; 0,000000000; 0,04240174;0,000000e+00; 0,08480348;MA;2;Nordeste
21;Maranhão; 3;    6;    6;   0;   6;    0;   12; 7075181; 0,000000000; 0,08480348;0,000000e+00; 0,16960697;MA;2;Nordeste
21;Maranhão; 4;    7;    7;   0;   7;    0;   19; 7075181; 0,000000000; 0,09893740;0,000000e+00; 0,26854437;MA;2;Nordeste
21;Maranhão; 5;   10;   10;   0;  10;    0;   29; 7075181; 0,000000000; 0,14133914;0,000000e+00; 0,40988351;MA;2;Nordeste
21;Maranhão; 6;   27;   27;   0;  27;    0;   56; 7075181; 0,000000000; 0,38161568;0,000000e+00; 0,79149919;MA;2;Nordeste
21;Maranhão; 7;   39;   40;   0;  39;    0;   95; 7075181; 0,000000000; 0,55122265;0,000000e+00; 1,34272183;MA;2;Nordeste
21;Maranhão; 8;   72;   73;   0;  72;    0;  167; 7075181; 0,000000000; 1,01764181;0,000000e+00; 2,36036364;MA;2;Nordeste
21;Maranhão; 9;   69;   70;   0;  69;    0;  236; 7075181; 0,000000000; 0,97524007;0,000000e+00; 3,33560371;MA;2;Nordeste
21;Maranhão;10;   84;   84;   3;  81;    3;  317; 7075181; 0,042401742; 1,14484704;4,240174e-02; 4,48045075;MA;2;Nordeste
21;Maranhão;11;  110;  110;   6; 104;    9;  421; 7075181; 0,084803484; 1,46992706;1,272052e-01; 5,95037781;MA;2;Nordeste
21;Maranhão;12;  120;  121;  13; 107;   22;  528; 7075181; 0,183740882; 1,51232880;3,109461e-01; 7,46270661;MA;2;Nordeste
21;Maranhão;13;  120;  121;  40;  80;   62;  608; 7075181; 0,565356561; 1,13071312;8,763027e-01; 8,59341973;MA;2;Nordeste
21;Maranhão;14;  151;  152;  84;  67;  146;  675; 7075181; 1,187248779; 0,94697224;2,063551e+00; 9,54039197;MA;2;Nordeste
21;Maranhão;15;  279;  281; 190;  89;  336;  764; 7075181; 2,685443666; 1,25791835;4,748995e+00;10,79831032;MA;2;Nordeste
21;Maranhão;16;  299;  300; 203;  96;  539;  860; 7075181; 2,869184548; 1,35685575;7,618180e+00;12,15516607;MA;2;Nordeste
21;Maranhão;17;  278;  279; 199;  79;  738;  939; 7075181; 2,812648892; 1,11657921;1,043083e+01;13,27174527;MA;2;Nordeste
21;Maranhão;18;  312;  313; 166; 146;  904; 1085; 7075181; 2,346229729; 2,06355145;1,277706e+01;15,33529672;MA;2;Nordeste
21;Maranhão;19;  268;  269; 156; 112; 1060; 1197; 7075181; 2,204890589; 1,58299837;1,498195e+01;16,91829509;MA;2;Nordeste
21;Maranhão;20;  241;  242; 116; 125; 1176; 1322; 7075181; 1,639534027; 1,76673925;1,662148e+01;18,68503435;MA;2;Nordeste
21;Maranhão;21;  194;  196;  80; 114; 1256; 1436; 7075181; 1,130713122; 1,61126620;1,775220e+01;20,29630055;MA;2;Nordeste
22;Piauí; 1;    5;    6;   0;   5;    0;    5; 3273227; 0,000000000; 0,15275445;0,000000e+00; 0,15275445;PI;2;Nordeste
22;Piauí; 2;    5;    6;   0;   5;    0;   10; 3273227; 0,000000000; 0,15275445;0,000000e+00; 0,30550891;PI;2;Nordeste
22;Piauí; 3;    3;    4;   0;   3;    0;   13; 3273227; 0,000000000; 0,09165267;0,000000e+00; 0,39716158;PI;2;Nordeste
22;Piauí; 4;    0;    1;   0;   0;    0;   13; 3273227; 0,000000000; 0,00000000;0,000000e+00; 0,39716158;PI;2;Nordeste
22;Piauí; 5;    8;    8;   0;   8;    0;   21; 3273227; 0,000000000; 0,24440712;0,000000e+00; 0,64156870;PI;2;Nordeste
22;Piauí; 6;    7;    8;   0;   7;    0;   28; 3273227; 0,000000000; 0,21385623;0,000000e+00; 0,85542494;PI;2;Nordeste
22;Piauí; 7;   14;   16;   0;  14;    0;   42; 3273227; 0,000000000; 0,42771247;0,000000e+00; 1,28313741;PI;2;Nordeste
22;Piauí; 8;   11;   13;   0;  11;    0;   53; 3273227; 0,000000000; 0,33605980;0,000000e+00; 1,61919720;PI;2;Nordeste
22;Piauí; 9;   21;   22;   0;  21;    0;   74; 3273227; 0,000000000; 0,64156870;0,000000e+00; 2,26076590;PI;2;Nordeste
22;Piauí;10;   39;   41;   3;  36;    3;  110; 3273227; 0,091652672; 1,09983206;9,165267e-02; 3,36059797;PI;2;Nordeste
22;Piauí;11;   58;   60;   4;  54;    7;  164; 3273227; 0,122203562; 1,64974809;2,138562e-01; 5,01034606;PI;2;Nordeste
22;Piauí;12;  133;  137;   7; 126;   14;  290; 3273227; 0,213856234; 3,84941222;4,277125e-01; 8,85975828;PI;2;Nordeste
22;Piauí;13;  163;  168;  11; 152;   25;  442; 3273227; 0,336059797; 4,64373537;7,637723e-01;13,50349365;PI;2;Nordeste
22;Piauí;14;  121;  126;  14; 107;   39;  549; 3273227; 0,427712468; 3,26894529;1,191485e+00;16,77243894;PI;2;Nordeste
22;Piauí;15;  144;  149;  21; 123;   60;  672; 3273227; 0,641568703; 3,75775954;1,833053e+00;20,53019849;PI;2;Nordeste
22;Piauí;16;  173;  178;  60; 113;  120;  785; 3273227; 1,833053436; 3,45225064;3,666107e+00;23,98244912;PI;2;Nordeste
22;Piauí;17;  213;  215;  91; 122;  211;  907; 3273227; 2,780131045; 3,72720865;6,446238e+00;27,70965778;PI;2;Nordeste
22;Piauí;18;  311;  313; 142; 169;  353; 1076; 3273227; 4,338226466; 5,16310051;1,078446e+01;32,87275829;PI;2;Nordeste
22;Piauí;19;  393;  395; 167; 226;  520; 1302; 3273227; 5,101998731; 6,90450128;1,588646e+01;39,77725957;PI;2;Nordeste
22;Piauí;20;  444;  445; 226; 218;  746; 1520; 3273227; 6,904501277; 6,66009415;2,279096e+01;46,43735372;PI;2;Nordeste
22;Piauí;21;  425;  428; 230; 195;  976; 1715; 3273227; 7,026704839; 5,95742367;2,981767e+01;52,39477739;PI;2;Nordeste
23;Ceará; 1;   12;   13;   0;  12;    0;   12; 9132078; 0,000000000; 0,13140492;0,000000e+00; 0,13140492;CE;2;Nordeste
23;Ceará; 2;   17;   21;   0;  17;    0;   29; 9132078; 0,000000000; 0,18615697;0,000000e+00; 0,31756190;CE;2;Nordeste
23;Ceará; 3;   27;   28;   0;  27;    0;   56; 9132078; 0,000000000; 0,29566108;0,000000e+00; 0,61322297;CE;2;Nordeste
23;Ceará; 4;   21;   25;   0;  21;    0;   77; 9132078; 0,000000000; 0,22995861;0,000000e+00; 0,84318158;CE;2;Nordeste
23;Ceará; 5;   24;   27;   0;  24;    0;  101; 9132078; 0,000000000; 0,26280984;0,000000e+00; 1,10599143;CE;2;Nordeste
23;Ceará; 6;   32;   34;   0;  32;    0;  133; 9132078; 0,000000000; 0,35041313;0,000000e+00; 1,45640456;CE;2;Nordeste
23;Ceará; 7;   41;   45;   0;  41;    0;  174; 9132078; 0,000000000; 0,44896682;0,000000e+00; 1,90537137;CE;2;Nordeste
23;Ceará; 8;   42;   45;   2;  40;    2;  214; 9132078; 0,021900820; 0,43801641;2,190082e-02; 2,34338778;CE;2;Nordeste
23;Ceará; 9;   34;   40;   2;  32;    4;  246; 9132078; 0,021900820; 0,35041313;4,380164e-02; 2,69380091;CE;2;Nordeste
23;Ceará;10;   73;   77;   8;  65;   12;  311; 9132078; 0,087603282; 0,71177666;1,314049e-01; 3,40557757;CE;2;Nordeste
23;Ceará;11;  109;  114;  25;  84;   37;  395; 9132078; 0,273760255; 0,91983446;4,051652e-01; 4,32541203;CE;2;Nordeste
23;Ceará;12;  410;  416; 159; 251;  196;  646; 9132078; 1,741115220; 2,74855296;2,146280e+00; 7,07396498;CE;2;Nordeste
23;Ceará;13;  496;  505; 213; 283;  409;  929; 9132078; 2,332437371; 3,09896608;4,478718e+00;10,17293107;CE;2;Nordeste
23;Ceará;14;  617;  626; 306; 311;  715; 1240; 9132078; 3,350825519; 3,40557757;7,829543e+00;13,57850864;CE;2;Nordeste
23;Ceará;15;  880;  892; 448; 432; 1163; 1672; 9132078; 4,905783766; 4,73057720;1,273533e+01;18,30908584;CE;2;Nordeste
23;Ceará;16; 1274; 1281; 711; 563; 1874; 2235; 9132078; 7,785741646; 6,16508094;2,052107e+01;24,47416678;CE;2;Nordeste
23;Ceará;17; 1908; 1916;1050; 858; 2924; 3093; 9132078;11,497930701; 9,39545194;3,201900e+01;33,86961872;CE;2;Nordeste
23;Ceará;18; 2647; 2656;1392;1255; 4316; 4348; 9132078;15,242970986;13,74276479;4,726197e+01;47,61238351;CE;2;Nordeste
23;Ceará;19; 2626; 2636;1224;1402; 5540; 5750; 9132078;13,403302074;15,35247509;6,066527e+01;62,96485860;CE;2;Nordeste
23;Ceará;20; 2355; 2363;1055;1300; 6595; 7050; 9132078;11,552682752;14,23553325;7,221796e+01;77,20039185;CE;2;Nordeste
23;Ceará;21; 1644; 1650; 664; 980; 7259; 8030; 9132078; 7,271072367;10,73140199;7,948903e+01;87,93179384;CE;2;Nordeste
24;Rio Grande do Norte; 1;   -1;    0;   0;  -1;    0;   -1; 3506853; 0,000000000;-0,02851560;0,000000e+00;-0,02851560;RN;2;Nordeste
24;Rio Grande do Norte; 2;    3;    4;   0;   3;    0;    2; 3506853; 0,000000000; 0,08554679;0,000000e+00; 0,05703119;RN;2;Nordeste
24;Rio Grande do Norte; 3;    0;    2;   0;   0;    0;    2; 3506853; 0,000000000; 0,00000000;0,000000e+00; 0,05703119;RN;2;Nordeste
24;Rio Grande do Norte; 4;    0;    2;   0;   0;    0;    2; 3506853; 0,000000000; 0,00000000;0,000000e+00; 0,05703119;RN;2;Nordeste
24;Rio Grande do Norte; 5;    2;    4;   0;   2;    0;    4; 3506853; 0,000000000; 0,05703119;0,000000e+00; 0,11406238;RN;2;Nordeste
24;Rio Grande do Norte; 6;    1;    3;   0;   1;    0;    5; 3506853; 0,000000000; 0,02851560;0,000000e+00; 0,14257798;RN;2;Nordeste
24;Rio Grande do Norte; 7;   -1;    1;   0;  -1;    0;    4; 3506853; 0,000000000;-0,02851560;0,000000e+00; 0,11406238;RN;2;Nordeste
24;Rio Grande do Norte; 8;    1;    4;   0;   1;    0;    5; 3506853; 0,000000000; 0,02851560;0,000000e+00; 0,14257798;RN;2;Nordeste
24;Rio Grande do Norte; 9;   -2;    2;   0;  -2;    0;    3; 3506853; 0,000000000;-0,05703119;0,000000e+00; 0,08554679;RN;2;Nordeste
24;Rio Grande do Norte;10;   10;   13;   2;   8;    2;   11; 3506853; 0,057031190; 0,22812476;5,703119e-02; 0,31367155;RN;2;Nordeste
24;Rio Grande do Norte;11;   32;   36;   6;  26;    8;   37; 3506853; 0,171093570; 0,74140547;2,281248e-01; 1,05507702;RN;2;Nordeste
24;Rio Grande do Norte;12;   83;   91;  26;  57;   34;   94; 3506853; 0,741405471; 1,62538892;9,695302e-01; 2,68046593;RN;2;Nordeste
24;Rio Grande do Norte;13;   72;   78;  29;  43;   63;  137; 3506853; 0,826952256; 1,22617059;1,796482e+00; 3,90663652;RN;2;Nordeste
24;Rio Grande do Norte;14;   92;   98;  34;  58;   97;  195; 3506853; 0,969530231; 1,65390451;2,766013e+00; 5,56054103;RN;2;Nordeste
24;Rio Grande do Norte;15;   90;   96;  35;  55;  132;  250; 3506853; 0,998045826; 1,56835773;3,764059e+00; 7,12889876;RN;2;Nordeste
24;Rio Grande do Norte;16;   95;  102;  48;  47;  180;  297; 3506853; 1,368748562; 1,34023297;5,132807e+00; 8,46913173;RN;2;Nordeste
24;Rio Grande do Norte;17;  141;  147;  83;  58;  263;  355; 3506853; 2,366794388; 1,65390451;7,499601e+00;10,12303624;RN;2;Nordeste
24;Rio Grande do Norte;18;  237;  242; 123; 114;  386;  469; 3506853; 3,507418189; 3,25077783;1,100702e+01;13,37381407;RN;2;Nordeste
24;Rio Grande do Norte;19;  262;  270; 131; 131;  517;  600; 3506853; 3,735542950; 3,73554295;1,474256e+01;17,10935702;RN;2;Nordeste
24;Rio Grande do Norte;20;  333;  338; 168; 165;  685;  765; 3506853; 4,790619966; 4,70507318;1,953318e+01;21,81443020;RN;2;Nordeste
24;Rio Grande do Norte;21;  290;  297; 145; 145;  830;  910; 3506853; 4,134761280; 4,13476128;2,366794e+01;25,94919148;RN;2;Nordeste
25;Paraíba; 1;    0;    0;   0;   0;    0;    0; 4018127; 0,000000000; 0,00000000;0,000000e+00; 0,00000000;PB;2;Nordeste
25;Paraíba; 2;    1;    1;   0;   1;    0;    1; 4018127; 0,000000000; 0,02488722;0,000000e+00; 0,02488722;PB;2;Nordeste
25;Paraíba; 3;    5;    5;   0;   5;    0;    6; 4018127; 0,000000000; 0,12443609;0,000000e+00; 0,14932330;PB;2;Nordeste
25;Paraíba; 4;    2;    2;   0;   2;    0;    8; 4018127; 0,000000000; 0,04977443;0,000000e+00; 0,19909774;PB;2;Nordeste
25;Paraíba; 5;    3;    3;   0;   3;    0;   11; 4018127; 0,000000000; 0,07466165;0,000000e+00; 0,27375939;PB;2;Nordeste
25;Paraíba; 6;    5;    6;   0;   5;    0;   16; 4018127; 0,000000000; 0,12443609;0,000000e+00; 0,39819548;PB;2;Nordeste
25;Paraíba; 7;   10;   11;   0;  10;    0;   26; 4018127; 0,000000000; 0,24887217;0,000000e+00; 0,64706765;PB;2;Nordeste
25;Paraíba; 8;    2;    2;   0;   2;    0;   28; 4018127; 0,000000000; 0,04977443;0,000000e+00; 0,69684209;PB;2;Nordeste
25;Paraíba; 9;    4;    4;   1;   3;    1;   31; 4018127; 0,024887217; 0,07466165;2,488722e-02; 0,77150374;PB;2;Nordeste
25;Paraíba;10;    7;    9;   2;   5;    3;   36; 4018127; 0,049774435; 0,12443609;7,466165e-02; 0,89593982;PB;2;Nordeste
25;Paraíba;11;   27;   28;   2;  25;    5;   61; 4018127; 0,049774435; 0,62218043;1,244361e-01; 1,51812026;PB;2;Nordeste
25;Paraíba;12;  118;  119;   7; 111;   12;  172; 4018127; 0,174210521; 2,76248113;2,986466e-01; 4,28060138;PB;2;Nordeste
25;Paraíba;13;  134;  134;   9; 125;   21;  297; 4018127; 0,223984956; 3,11090217;5,226316e-01; 7,39150355;PB;2;Nordeste
25;Paraíba;14;  125;  126;  23; 102;   44;  399; 4018127; 0,572405999; 2,53849617;1,095038e+00; 9,92999972;PB;2;Nordeste
25;Paraíba;15;  164;  164;  43; 121;   87;  520; 4018127; 1,070150346; 3,01135330;2,165188e+00;12,94135302;PB;2;Nordeste
25;Paraíba;16;  201;  201;  48; 153;  135;  673; 4018127; 1,194586433; 3,80774425;3,359774e+00;16,74909728;PB;2;Nordeste
25;Paraíba;17;  328;  328; 131; 197;  266;  870; 4018127; 3,260225473; 4,90278182;6,620000e+00;21,65187910;PB;2;Nordeste
25;Paraíba;18;  386;  387; 167; 219;  433; 1089; 4018127; 4,156165298; 5,45030060;1,077617e+01;27,10217970;PB;2;Nordeste
25;Paraíba;19;  517;  518; 224; 293;  657; 1382; 4018127; 5,574736687; 7,29195468;1,635090e+01;34,39413438;PB;2;Nordeste
25;Paraíba;20;  467;  468; 231; 236;  888; 1618; 4018127; 5,748947208; 5,87338330;2,209985e+01;40,26751768;PB;2;Nordeste
25;Paraíba;21;  430;  431; 218; 212; 1106; 1830; 4018127; 5,425413383; 5,27609008;2,752526e+01;45,54360776;PB;2;Nordeste
26;Pernambuco; 1;   16;   19;   0;  16;    0;   16; 9557071; 0,000000000; 0,16741531;0,000000e+00; 0,16741531;PE;2;Nordeste
26;Pernambuco; 2;   19;   24;   0;  19;    0;   35; 9557071; 0,000000000; 0,19880568;0,000000e+00; 0,36622099;PE;2;Nordeste
26;Pernambuco; 3;   16;   24;   0;  16;    0;   51; 9557071; 0,000000000; 0,16741531;0,000000e+00; 0,53363630;PE;2;Nordeste
26;Pernambuco; 4;   16;   23;   0;  16;    0;   67; 9557071; 0,000000000; 0,16741531;0,000000e+00; 0,70105161;PE;2;Nordeste
26;Pernambuco; 5;   10;   18;   0;  10;    0;   77; 9557071; 0,000000000; 0,10463457;0,000000e+00; 0,80568618;PE;2;Nordeste
26;Pernambuco; 6;   15;   21;   0;  15;    0;   92; 9557071; 0,000000000; 0,15695185;0,000000e+00; 0,96263803;PE;2;Nordeste
26;Pernambuco; 7;   11;   20;   0;  11;    0;  103; 9557071; 0,000000000; 0,11509803;0,000000e+00; 1,07773606;PE;2;Nordeste
26;Pernambuco; 8;   45;   57;   1;  44;    1;  147; 9557071; 0,010463457; 0,46039210;1,046346e-02; 1,53812816;PE;2;Nordeste
26;Pernambuco; 9;   29;   47;   1;  28;    2;  175; 9557071; 0,010463457; 0,29297679;2,092691e-02; 1,83110495;PE;2;Nordeste
26;Pernambuco;10;   45;   65;   8;  37;   10;  212; 9557071; 0,083707655; 0,38714790;1,046346e-01; 2,21825285;PE;2;Nordeste
26;Pernambuco;11;  126;  143;   8; 118;   18;  330; 9557071; 0,083707655; 1,23468791;1,883422e-01; 3,45294076;PE;2;Nordeste
26;Pernambuco;12;  427;  444;  60; 367;   78;  697; 9557071; 0,627807411; 3,84008866;8,161496e-01; 7,29302942;PE;2;Nordeste
26;Pernambuco;13;  433;  449; 116; 317;  194; 1014; 9557071; 1,213760994; 3,31691582;2,029911e+00;10,60994524;PE;2;Nordeste
26;Pernambuco;14;  626;  645; 247; 379;  441; 1393; 9557071; 2,584473841; 3,96565015;4,614384e+00;14,57559539;PE;2;Nordeste
26;Pernambuco;15; 1020; 1043; 400; 620;  841; 2013; 9557071; 4,185382739; 6,48734325;8,799767e+00;21,06293863;PE;2;Nordeste
26;Pernambuco;16; 1453; 1481; 598; 855; 1439; 2868; 9557071; 6,257147195; 8,94625560;1,505691e+01;30,00919424;PE;2;Nordeste
26;Pernambuco;17; 1726; 1765; 683;1043; 2122; 3911; 9557071; 7,146541027;10,91338549;2,220346e+01;40,92257973;PE;2;Nordeste
26;Pernambuco;18; 1951; 1985; 803;1148; 2925; 5059; 9557071; 8,402155849;12,01204846;3,060561e+01;52,93462819;PE;2;Nordeste
26;Pernambuco;19; 1701; 1742; 752; 949; 3677; 6008; 9557071; 7,868519550; 9,92982055;3,847413e+01;62,86444874;PE;2;Nordeste
26;Pernambuco;20; 1560; 1602; 659; 901; 4336; 6909; 9557071; 6,895418063; 9,42757462;4,536955e+01;72,29202336;PE;2;Nordeste
26;Pernambuco;21; 1143; 1174; 416; 727; 4752; 7636; 9557071; 4,352798049; 7,60693313;4,972235e+01;79,89895649;PE;2;Nordeste
27;Alagoas; 1;    0;    0;   0;   0;    0;    0; 3337357; 0,000000000; 0,00000000;0,000000e+00; 0,00000000;AL;2;Nordeste
27;Alagoas; 2;    4;    4;   0;   4;    0;    4; 3337357; 0,000000000; 0,11985532;0,000000e+00; 0,11985532;AL;2;Nordeste
27;Alagoas; 3;    3;    3;   0;   3;    0;    7; 3337357; 0,000000000; 0,08989149;0,000000e+00; 0,20974681;AL;2;Nordeste
27;Alagoas; 4;    0;    0;   0;   0;    0;    7; 3337357; 0,000000000; 0,00000000;0,000000e+00; 0,20974681;AL;2;Nordeste
27;Alagoas; 5;    3;    3;   0;   3;    0;   10; 3337357; 0,000000000; 0,08989149;0,000000e+00; 0,29963831;AL;2;Nordeste
27;Alagoas; 6;    2;    2;   0;   2;    0;   12; 3337357; 0,000000000; 0,05992766;0,000000e+00; 0,35956597;AL;2;Nordeste
27;Alagoas; 7;    5;    5;   0;   5;    0;   17; 3337357; 0,000000000; 0,14981915;0,000000e+00; 0,50938512;AL;2;Nordeste
27;Alagoas; 8;    2;    2;   0;   2;    0;   19; 3337357; 0,000000000; 0,05992766;0,000000e+00; 0,56931278;AL;2;Nordeste
27;Alagoas; 9;    1;    1;   0;   1;    0;   20; 3337357; 0,000000000; 0,02996383;0,000000e+00; 0,59927661;AL;2;Nordeste
27;Alagoas;10;    5;    5;   0;   5;    0;   25; 3337357; 0,000000000; 0,14981915;0,000000e+00; 0,74909577;AL;2;Nordeste
27;Alagoas;11;    8;    9;   5;   3;    5;   28; 3337357; 0,149819153; 0,08989149;1,498192e-01; 0,83898726;AL;2;Nordeste
27;Alagoas;12;   32;   32;   5;  27;   10;   55; 3337357; 0,149819153; 0,80902343;2,996383e-01; 1,64801069;AL;2;Nordeste
27;Alagoas;13;   26;   27;   6;  20;   16;   75; 3337357; 0,179782984; 0,59927661;4,794213e-01; 2,24728730;AL;2;Nordeste
27;Alagoas;14;   38;   39;  10;  28;   26;  103; 3337357; 0,299638307; 0,83898726;7,790596e-01; 3,08627456;AL;2;Nordeste
27;Alagoas;15;  101;  102;  40;  61;   66;  164; 3337357; 1,198553226; 1,82779367;1,977613e+00; 4,91406823;AL;2;Nordeste
27;Alagoas;16;  159;  159;  89;  70;  155;  234; 3337357; 2,666780929; 2,09746815;4,644394e+00; 7,01153637;AL;2;Nordeste
27;Alagoas;17;  216;  216; 132;  84;  287;  318; 3337357; 3,955225647; 2,51696178;8,599619e+00; 9,52849815;AL;2;Nordeste
27;Alagoas;18;  276;  277; 138; 138;  425;  456; 3337357; 4,135008631; 4,13500863;1,273463e+01;13,66350678;AL;2;Nordeste
27;Alagoas;19;  344;  345; 147; 197;  572;  653; 3337357; 4,404683107; 5,90287464;1,713931e+01;19,56638142;AL;2;Nordeste
27;Alagoas;20;  364;  365; 135; 229;  707;  882; 3337357; 4,045117139; 6,86171722;2,118443e+01;26,42809864;AL;2;Nordeste
27;Alagoas;21;  288;  289;  81; 207;  788; 1089; 3337357; 2,427070283; 6,20251295;2,361150e+01;32,63061159;AL;2;Nordeste
28;Sergipe; 1;    2;    2;   0;   2;    0;    2; 2298696; 0,000000000; 0,08700585;0,000000e+00; 0,08700585;SE;2;Nordeste
28;Sergipe; 2;    0;    0;   0;   0;    0;    2; 2298696; 0,000000000; 0,00000000;0,000000e+00; 0,08700585;SE;2;Nordeste
28;Sergipe; 3;    1;    1;   0;   1;    0;    3; 2298696; 0,000000000; 0,04350293;0,000000e+00; 0,13050878;SE;2;Nordeste
28;Sergipe; 4;    3;    3;   0;   3;    0;    6; 2298696; 0,000000000; 0,13050878;0,000000e+00; 0,26101755;SE;2;Nordeste
28;Sergipe; 5;    1;    1;   0;   1;    0;    7; 2298696; 0,000000000; 0,04350293;0,000000e+00; 0,30452048;SE;2;Nordeste
28;Sergipe; 6;    1;    1;   0;   1;    0;    8; 2298696; 0,000000000; 0,04350293;0,000000e+00; 0,34802340;SE;2;Nordeste
28;Sergipe; 7;    3;    3;   0;   3;    0;   11; 2298696; 0,000000000; 0,13050878;0,000000e+00; 0,47853218;SE;2;Nordeste
28;Sergipe; 8;    2;    2;   0;   2;    0;   13; 2298696; 0,000000000; 0,08700585;0,000000e+00; 0,56553803;SE;2;Nordeste
28;Sergipe; 9;    4;    4;   1;   3;    1;   16; 2298696; 0,043502925; 0,13050878;4,350293e-02; 0,69604680;SE;2;Nordeste
28;Sergipe;10;    3;    3;   1;   2;    2;   18; 2298696; 0,043502925; 0,08700585;8,700585e-02; 0,78305265;SE;2;Nordeste
28;Sergipe;11;   16;   16;   2;  14;    4;   32; 2298696; 0,087005850; 0,60904095;1,740117e-01; 1,39209360;SE;2;Nordeste
28;Sergipe;12;   30;   30;   6;  24;   10;   56; 2298696; 0,261017551; 1,04407020;4,350293e-01; 2,43616381;SE;2;Nordeste
28;Sergipe;13;   34;   34;   8;  26;   18;   82; 2298696; 0,348023401; 1,13107605;7,830527e-01; 3,56723986;SE;2;Nordeste
28;Sergipe;14;   31;   31;   7;  24;   25;  106; 2298696; 0,304520476; 1,04407020;1,087573e+00; 4,61131006;SE;2;Nordeste
28;Sergipe;15;   44;   44;  13;  31;   38;  137; 2298696; 0,565538027; 1,34859068;1,653111e+00; 5,95990074;SE;2;Nordeste
28;Sergipe;16;   42;   42;  19;  23;   57;  160; 2298696; 0,826555578; 1,00056728;2,479667e+00; 6,96046802;SE;2;Nordeste
28;Sergipe;17;   58;   59;  28;  30;   85;  190; 2298696; 1,218081904; 1,30508775;3,697749e+00; 8,26555578;SE;2;Nordeste
28;Sergipe;18;  106;  106;  65;  41;  150;  231; 2298696; 2,827690134; 1,78361993;6,525439e+00;10,04917571;SE;2;Nordeste
28;Sergipe;19;  103;  104;  66;  37;  216;  268; 2298696; 2,871193059; 1,60960823;9,396632e+00;11,65878394;SE;2;Nordeste
28;Sergipe;20;  144;  144;  74;  70;  290;  338; 2298696; 3,219216460; 3,04520476;1,261585e+01;14,70398870;SE;2;Nordeste
28;Sergipe;21;  140;  140;  73;  67;  363;  405; 2298696; 3,175713535; 2,91469598;1,579156e+01;17,61868468;SE;2;Nordeste
29;Bahia; 1;   11;   13;   0;  11;    0;   11;14873064; 0,000000000; 0,07395921;0,000000e+00; 0,07395921;BA;2;Nordeste
29;Bahia; 2;   11;   14;   0;  11;    0;   22;14873064; 0,000000000; 0,07395921;0,000000e+00; 0,14791841;BA;2;Nordeste
29;Bahia; 3;   16;   18;   0;  16;    0;   38;14873064; 0,000000000; 0,10757703;0,000000e+00; 0,25549544;BA;2;Nordeste
29;Bahia; 4;   11;   13;   0;  11;    0;   49;14873064; 0,000000000; 0,07395921;0,000000e+00; 0,32945464;BA;2;Nordeste
29;Bahia; 5;   12;   14;   0;  12;    0;   61;14873064; 0,000000000; 0,08068277;0,000000e+00; 0,41013741;BA;2;Nordeste
29;Bahia; 6;   19;   22;   0;  19;    0;   80;14873064; 0,000000000; 0,12774772;0,000000e+00; 0,53788513;BA;2;Nordeste
29;Bahia; 7;   17;   22;   0;  17;    0;   97;14873064; 0,000000000; 0,11430059;0,000000e+00; 0,65218572;BA;2;Nordeste
29;Bahia; 8;   26;   29;   0;  26;    0;  123;14873064; 0,000000000; 0,17481267;0,000000e+00; 0,82699839;BA;2;Nordeste
29;Bahia; 9;   52;   60;   1;  51;    1;  174;14873064; 0,006723564; 0,34290177;6,723564e-03; 1,16990016;BA;2;Nordeste
29;Bahia;10;   67;   72;   3;  64;    4;  238;14873064; 0,020170692; 0,43030811;2,689426e-02; 1,60020827;BA;2;Nordeste
29;Bahia;11;  142;  149;   9; 133;   13;  371;14873064; 0,060512077; 0,89423403;8,740633e-02; 2,49444230;BA;2;Nordeste
29;Bahia;12;  224;  232;  28; 196;   41;  567;14873064; 0,188259796; 1,31781857;2,756661e-01; 3,81226088;BA;2;Nordeste
29;Bahia;13;  213;  223;  39; 174;   80;  741;14873064; 0,262219002; 1,16990016;5,378851e-01; 4,98216104;BA;2;Nordeste
29;Bahia;14;  237;  251;  49; 188;  129;  929;14873064; 0,329454644; 1,26403006;8,673398e-01; 6,24619110;BA;2;Nordeste
29;Bahia;15;  315;  323; 100; 215;  229; 1144;14873064; 0,672356416; 1,44556629;1,539696e+00; 7,69175739;BA;2;Nordeste
29;Bahia;16;  448;  454; 205; 243;  434; 1387;14873064; 1,378330652; 1,63382609;2,918027e+00; 9,32558348;BA;2;Nordeste
29;Bahia;17;  432;  436; 198; 234;  632; 1621;14873064; 1,331265703; 1,57331401;4,249293e+00;10,89889750;BA;2;Nordeste
29;Bahia;18;  600;  606; 294; 306;  926; 1927;14873064; 1,976727862; 2,05741063;6,226020e+00;12,95630813;BA;2;Nordeste
29;Bahia;19;  709;  717; 330; 379; 1256; 2306;14873064; 2,218776171; 2,54823082;8,444797e+00;15,50453894;BA;2;Nordeste
29;Bahia;20;  936;  945; 435; 501; 1691; 2807;14873064; 2,924750408; 3,36850564;1,136955e+01;18,87304459;BA;2;Nordeste
29;Bahia;21;  941;  949; 385; 556; 2076; 3363;14873064; 2,588572200; 3,73830167;1,395812e+01;22,61134626;BA;2;Nordeste
31;Minas Gerais; 1;   19;   45;   0;  19;    0;   19;21168791; 0,000000000; 0,08975477;0,000000e+00; 0,08975477;MG;3;Sudeste
31;Minas Gerais; 2;   15;   39;   0;  15;    0;   34;21168791; 0,000000000; 0,07085903;0,000000e+00; 0,16061380;MG;3;Sudeste
31;Minas Gerais; 3;   26;   51;   0;  26;    0;   60;21168791; 0,000000000; 0,12282232;0,000000e+00; 0,28343612;MG;3;Sudeste
31;Minas Gerais; 4;   26;   46;   0;  26;    0;   86;21168791; 0,000000000; 0,12282232;0,000000e+00; 0,40625844;MG;3;Sudeste
31;Minas Gerais; 5;   21;   43;   0;  21;    0;  107;21168791; 0,000000000; 0,09920264;0,000000e+00; 0,50546108;MG;3;Sudeste
31;Minas Gerais; 6;   25;   42;   0;  25;    0;  132;21168791; 0,000000000; 0,11809838;0,000000e+00; 0,62355947;MG;3;Sudeste
31;Minas Gerais; 7;   21;   51;   0;  21;    0;  153;21168791; 0,000000000; 0,09920264;0,000000e+00; 0,72276211;MG;3;Sudeste
31;Minas Gerais; 8;   40;   67;   0;  40;    0;  193;21168791; 0,000000000; 0,18895741;0,000000e+00; 0,91171952;MG;3;Sudeste
31;Minas Gerais; 9;   65;   96;   3;  62;    3;  255;21168791; 0,014171806; 0,29288399;1,417181e-02; 1,20460351;MG;3;Sudeste
31;Minas Gerais;10;  104;  149;   2; 102;    5;  357;21168791; 0,009447871; 0,48184141;2,361968e-02; 1,68644492;MG;3;Sudeste
31;Minas Gerais;11;  374;  417;  19; 355;   24;  712;21168791; 0,089754772; 1,67699705;1,133744e-01; 3,36344197;MG;3;Sudeste
31;Minas Gerais;12; 1000; 1049;  78; 922;  102; 1634;21168791; 0,368466957; 4,35546839;4,818414e-01; 7,71891035;MG;3;Sudeste
31;Minas Gerais;13; 1091; 1135; 102; 989;  204; 2623;21168791; 0,481841405; 4,67197206;9,636828e-01;12,39088241;MG;3;Sudeste
31;Minas Gerais;14; 1005; 1066;  89; 916;  293; 3539;21168791; 0,420430246; 4,32712478;1,384113e+00;16,71800718;MG;3;Sudeste
31;Minas Gerais;15;  903;  977; 102; 801;  395; 4340;21168791; 0,481841405; 3,78387221;1,865954e+00;20,50187939;MG;3;Sudeste
31;Minas Gerais;16;  912;  996;  93; 819;  488; 5159;21168791; 0,439325987; 3,86890305;2,305280e+00;24,37078244;MG;3;Sudeste
31;Minas Gerais;17; 1047; 1124; 138; 909;  626; 6068;21168791; 0,651903078; 4,29405723;2,957184e+00;28,66483967;MG;3;Sudeste
31;Minas Gerais;18; 1115; 1223; 215; 900;  841; 6968;21168791; 1,015646099; 4,25154181;3,972830e+00;32,91638148;MG;3;Sudeste
31;Minas Gerais;19; 1204; 1288; 242; 962; 1083; 7930;21168791; 1,143192353; 4,54442580;5,116022e+00;37,46080728;MG;3;Sudeste
31;Minas Gerais;20; 1332; 1417; 263;1069; 1346; 8999;21168791; 1,242394996; 5,04988688;6,358417e+00;42,51069416;MG;3;Sudeste
31;Minas Gerais;21; 1266; 1367; 297; 969; 1643; 9968;21168791; 1,403008797; 4,57749335;7,761426e+00;47,08818751;MG;3;Sudeste
32;Espírito Santo; 1;    4;    5;   0;   4;    0;    4; 4018650; 0,000000000; 0,09953591;0,000000e+00; 0,09953591;ES;3;Sudeste
32;Espírito Santo; 2;    6;    6;   0;   6;    0;   10; 4018650; 0,000000000; 0,14930387;0,000000e+00; 0,24883978;ES;3;Sudeste
32;Espírito Santo; 3;    8;    8;   0;   8;    0;   18; 4018650; 0,000000000; 0,19907183;0,000000e+00; 0,44791161;ES;3;Sudeste
32;Espírito Santo; 4;    5;    5;   0;   5;    0;   23; 4018650; 0,000000000; 0,12441989;0,000000e+00; 0,57233150;ES;3;Sudeste
32;Espírito Santo; 5;    8;    8;   0;   8;    0;   31; 4018650; 0,000000000; 0,19907183;0,000000e+00; 0,77140333;ES;3;Sudeste
32;Espírito Santo; 6;    4;    4;   0;   4;    0;   35; 4018650; 0,000000000; 0,09953591;0,000000e+00; 0,87093925;ES;3;Sudeste
32;Espírito Santo; 7;    7;    7;   0;   7;    0;   42; 4018650; 0,000000000; 0,17418785;0,000000e+00; 1,04512709;ES;3;Sudeste
32;Espírito Santo; 8;   10;   10;   0;  10;    0;   52; 4018650; 0,000000000; 0,24883978;0,000000e+00; 1,29396688;ES;3;Sudeste
32;Espírito Santo; 9;   18;   18;   1;  17;    1;   69; 4018650; 0,024883978; 0,42302763;2,488398e-02; 1,71699451;ES;3;Sudeste
32;Espírito Santo;10;   18;   19;   0;  18;    1;   87; 4018650; 0,000000000; 0,44791161;2,488398e-02; 2,16490613;ES;3;Sudeste
32;Espírito Santo;11;   33;   36;   4;  29;    5;  116; 4018650; 0,099535914; 0,72163538;1,244199e-01; 2,88654150;ES;3;Sudeste
32;Espírito Santo;12;   67;   69;  14;  53;   19;  169; 4018650; 0,348375698; 1,31885086;4,727956e-01; 4,20539236;ES;3;Sudeste
32;Espírito Santo;13;   72;   75;  20;  52;   39;  221; 4018650; 0,497679569; 1,29396688;9,704752e-01; 5,49935924;ES;3;Sudeste
32;Espírito Santo;14;  119;  120;  52;  67;   91;  288; 4018650; 1,293966879; 1,66722656;2,264442e+00; 7,16658579;ES;3;Sudeste
32;Espírito Santo;15;  124;  126;  57;  67;  148;  355; 4018650; 1,418386772; 1,66722656;3,682829e+00; 8,83381235;ES;3;Sudeste
32;Espírito Santo;16;  140;  143;  67;  73;  215;  428; 4018650; 1,667226556; 1,81653043;5,350055e+00;10,65034278;ES;3;Sudeste
32;Espírito Santo;17;  187;  191; 116;  71;  331;  499; 4018650; 2,886541500; 1,76676247;8,236597e+00;12,41710525;ES;3;Sudeste
32;Espírito Santo;18;  224;  225; 153;  71;  484;  570; 4018650; 3,807248703; 1,76676247;1,204385e+01;14,18386772;ES;3;Sudeste
32;Espírito Santo;19;  276;  278; 168; 108;  652;  678; 4018650; 4,180508380; 2,68746967;1,622435e+01;16,87133739;ES;3;Sudeste
32;Espírito Santo;20;  249;  252; 152;  97;  804;  775; 4018650; 3,782364724; 2,41374591;2,000672e+01;19,28508330;ES;3;Sudeste
32;Espírito Santo;21;  236;  239; 123; 113;  927;  888; 4018650; 3,060729349; 2,81188956;2,306745e+01;22,09697286;ES;3;Sudeste
33;Rio de Janeiro; 1;   18;   21;   0;  18;    0;   18;17264943; 0,000000000; 0,10425751;0,000000e+00; 0,10425751;RJ;3;Sudeste
33;Rio de Janeiro; 2;   13;   17;   0;  13;    0;   31;17264943; 0,000000000; 0,07529709;0,000000e+00; 0,17955460;RJ;3;Sudeste
33;Rio de Janeiro; 3;   15;   18;   0;  15;    0;   46;17264943; 0,000000000; 0,08688126;0,000000e+00; 0,26643586;RJ;3;Sudeste
33;Rio de Janeiro; 4;    8;   13;   0;   8;    0;   54;17264943; 0,000000000; 0,04633667;0,000000e+00; 0,31277254;RJ;3;Sudeste
33;Rio de Janeiro; 5;    6;   10;   0;   6;    0;   60;17264943; 0,000000000; 0,03475250;0,000000e+00; 0,34752504;RJ;3;Sudeste
33;Rio de Janeiro; 6;    2;    5;   0;   2;    0;   62;17264943; 0,000000000; 0,01158417;0,000000e+00; 0,35910921;RJ;3;Sudeste
33;Rio de Janeiro; 7;   15;   18;   0;  15;    0;   77;17264943; 0,000000000; 0,08688126;0,000000e+00; 0,44599047;RJ;3;Sudeste
33;Rio de Janeiro; 8;   20;   24;   2;  18;    2;   95;17264943; 0,011584168; 0,10425751;1,158417e-02; 0,55024798;RJ;3;Sudeste
33;Rio de Janeiro; 9;   27;   32;   4;  23;    6;  118;17264943; 0,023168336; 0,13321793;3,475250e-02; 0,68346591;RJ;3;Sudeste
33;Rio de Janeiro;10;   90;   95;  20;  70;   26;  188;17264943; 0,115841680; 0,40544588;1,505942e-01; 1,08891179;RJ;3;Sudeste
33;Rio de Janeiro;11;  335;  344;  80; 255;  106;  443;17264943; 0,463366719; 1,47698142;6,139609e-01; 2,56589321;RJ;3;Sudeste
33;Rio de Janeiro;12;  973;  985; 284; 689;  390; 1132;17264943; 1,644951854; 3,99074587;2,258913e+00; 6,55663908;RJ;3;Sudeste
33;Rio de Janeiro;13; 1269; 1281; 520; 749;  910; 1881;17264943; 3,011883677; 4,33827091;5,270796e+00;10,89490999;RJ;3;Sudeste
33;Rio de Janeiro;14; 1864; 1879; 952; 912; 1862; 2793;17264943; 5,514063962; 5,28238060;1,078486e+01;16,17729059;RJ;3;Sudeste
33;Rio de Janeiro;15; 2737; 2756;1428;1309; 3290; 4102;17264943; 8,271095943; 7,58183795;1,905596e+01;23,75912854;RJ;3;Sudeste
33;Rio de Janeiro;16; 3867; 3886;2056;1811; 5346; 5913;17264943;11,908524691;10,48946411;3,096448e+01;34,24859265;RJ;3;Sudeste
33;Rio de Janeiro;17; 4457; 4480;2395;2062; 7741; 7975;17264943;13,872041165;11,94327719;4,483652e+01;46,19186985;RJ;3;Sudeste
33;Rio de Janeiro;18; 4640; 4661;2574;2066;10315;10041;17264943;14,908824199;11,96644553;5,974535e+01;58,15831538;RJ;3;Sudeste
33;Rio de Janeiro;19; 3875; 3900;1968;1907;12283;11948;17264943;11,398821299;11,04550418;7,114417e+01;69,20381956;RJ;3;Sudeste
33;Rio de Janeiro;20; 3622; 3646;1680;1942;13963;13890;17264943; 9,730701109;11,24822712;8,087487e+01;80,45204667;RJ;3;Sudeste
33;Rio de Janeiro;21; 2730; 2758;1041;1689;15004;15579;17264943; 6,029559437; 9,78282987;8,690443e+01;90,23487654;RJ;3;Sudeste
35;São Paulo; 1;   75;  104;   0;  75;    0;   75;45919049; 0,000000000; 0,16333091;0,000000e+00; 0,16333091;SP;3;Sudeste
35;São Paulo; 2;   69;  102;   0;  69;    0;  144;45919049; 0,000000000; 0,15026444;0,000000e+00; 0,31359534;SP;3;Sudeste
35;São Paulo; 3;   37;   78;   0;  37;    0;  181;45919049; 0,000000000; 0,08057658;0,000000e+00; 0,39417193;SP;3;Sudeste
35;São Paulo; 4;   43;   94;   0;  43;    0;  224;45919049; 0,000000000; 0,09364305;0,000000e+00; 0,48781498;SP;3;Sudeste
35;São Paulo; 5;   40;   92;   0;  40;    0;  264;45919049; 0,000000000; 0,08710982;0,000000e+00; 0,57492480;SP;3;Sudeste
35;São Paulo; 6;   59;  107;   0;  59;    0;  323;45919049; 0,000000000; 0,12848698;0,000000e+00; 0,70341178;SP;3;Sudeste
35;São Paulo; 7;  107;  161;   0; 107;    0;  430;45919049; 0,000000000; 0,23301876;0,000000e+00; 0,93643054;SP;3;Sudeste
35;São Paulo; 8;  185;  244;  13; 172;   13;  602;45919049; 0,028310691; 0,37457222;2,831069e-02; 1,31100276;SP;3;Sudeste
35;São Paulo; 9;  232;  282;  15; 217;   28;  819;45919049; 0,032666182; 0,47257076;6,097687e-02; 1,78357352;SP;3;Sudeste
35;São Paulo;10;  526;  619; 109; 417;  137; 1236;45919049; 0,237374254; 0,90811985;2,983511e-01; 2,69169338;SP;3;Sudeste
35;São Paulo;11; 1954; 2037; 630;1324;  767; 2560;45919049; 1,371979633; 2,88333497;1,670331e+00; 5,57502835;SP;3;Sudeste
35;São Paulo;12; 5370; 5486;1908;3462; 2675; 6022;45919049; 4,155138317; 7,53935475;5,825469e+00;13,11438310;SP;3;Sudeste
35;São Paulo;13; 6644; 6755;2811;3833; 5486; 9855;45919049; 6,121642458; 8,34729831;1,194711e+01;21,46168140;SP;3;Sudeste
35;São Paulo;14; 6248; 6418;2721;3527; 8207;13382;45919049; 5,925645368; 7,68090820;1,787276e+01;29,14258960;SP;3;Sudeste
35;São Paulo;15; 6165; 6372;2867;3298;11074;16680;45919049; 6,243596203; 7,18220449;2,411635e+01;36,32479410;SP;3;Sudeste
35;São Paulo;16; 7316; 7490;3793;3523;14867;20203;45919049; 8,260188490; 7,67219722;3,237654e+01;43,99699131;SP;3;Sudeste
35;São Paulo;17; 8693; 8925;4388;4305;19255;24508;45919049; 9,555947032; 9,37519416;4,193249e+01;53,37218547;SP;3;Sudeste
35;São Paulo;18; 9076; 9331;4549;4527;23804;29035;45919049; 9,906564049; 9,85865365;5,183905e+01;63,23083912;SP;3;Sudeste
35;São Paulo;19; 9265; 9506;4625;4640;28429;33675;45919049;10,072072703;10,10473889;6,191113e+01;73,33557801;SP;3;Sudeste
35;São Paulo;20;10188;10439;4780;5408;33209;39083;45919049;10,409623248;11,77724739;7,232075e+01;85,11282540;SP;3;Sudeste
35;São Paulo;21; 9080; 9328;3991;5089;37200;44172;45919049; 8,691382089;11,08254659;8,101213e+01;96,19537199;SP;3;Sudeste
41;Paraná; 1;   37;   51;   0;  37;    0;   37;11433957; 0,000000000; 0,32359751;0,000000e+00; 0,32359751;PR;4;Sul
41;Paraná; 2;   21;   40;   0;  21;    0;   58;11433957; 0,000000000; 0,18366345;0,000000e+00; 0,50726096;PR;4;Sul
41;Paraná; 3;   38;   58;   0;  38;    0;   96;11433957; 0,000000000; 0,33234339;0,000000e+00; 0,83960435;PR;4;Sul
41;Paraná; 4;   34;   49;   0;  34;    0;  130;11433957; 0,000000000; 0,29735987;0,000000e+00; 1,13696422;PR;4;Sul
41;Paraná; 5;   38;   54;   0;  38;    0;  168;11433957; 0,000000000; 0,33234339;0,000000e+00; 1,46930761;PR;4;Sul
41;Paraná; 6;   29;   48;   0;  29;    0;  197;11433957; 0,000000000; 0,25363048;0,000000e+00; 1,72293809;PR;4;Sul
41;Paraná; 7;   40;   62;   0;  40;    0;  237;11433957; 0,000000000; 0,34983514;0,000000e+00; 2,07277323;PR;4;Sul
41;Paraná; 8;   24;   55;   0;  24;    0;  261;11433957; 0,000000000; 0,20990109;0,000000e+00; 2,28267432;PR;4;Sul
41;Paraná; 9;   52;   92;   0;  52;    0;  313;11433957; 0,000000000; 0,45478569;0,000000e+00; 2,73746001;PR;4;Sul
41;Paraná;10;   89;  130;   8;  81;    8;  394;11433957; 0,069967029; 0,70841617;6,996703e-02; 3,44587617;PR;4;Sul
41;Paraná;11;  228;  278;  10; 218;   18;  612;11433957; 0,087458786; 1,90660154;1,574258e-01; 5,35247771;PR;4;Sul
41;Paraná;12;  566;  616;  86; 480;  104; 1092;11433957; 0,752145561; 4,19802173;9,095714e-01; 9,55049945;PR;4;Sul
41;Paraná;13;  671;  715;  97; 574;  201; 1666;11433957; 0,848350226; 5,02013432;1,757922e+00;14,57063377;PR;4;Sul
41;Paraná;14;  669;  723;  84; 585;  285; 2251;11433957; 0,734653804; 5,11633899;2,492575e+00;19,68697276;PR;4;Sul
41;Paraná;15;  616;  677;  63; 553;  348; 2804;11433957; 0,550990353; 4,83647087;3,043566e+00;24,52344363;PR;4;Sul
41;Paraná;16;  653;  736;  83; 570;  431; 3374;11433957; 0,725907925; 4,98515081;3,769474e+00;29,50859444;PR;4;Sul
41;Paraná;17;  714;  795;  74; 640;  505; 4014;11433957; 0,647195017; 5,59736231;4,416669e+00;35,10595676;PR;4;Sul
41;Paraná;18;  713;  812; 117; 596;  622; 4610;11433957; 1,023267798; 5,21254365;5,439936e+00;40,31850041;PR;4;Sul
41;Paraná;19;  647;  763; 125; 522;  747; 5132;11433957; 1,093234827; 4,56534864;6,533171e+00;44,88384905;PR;4;Sul
41;Paraná;20;  802;  903; 211; 591;  958; 5723;11433957; 1,845380388; 5,16881426;8,378552e+00;50,05266331;PR;4;Sul
41;Paraná;21;  815;  940; 224; 591; 1182; 6314;11433957; 1,959076810; 5,16881426;1,033763e+01;55,22147757;PR;4;Sul
42;Santa Catarina; 1;    1;    8;   0;   1;    0;    1; 7164788; 0,000000000; 0,01395715;0,000000e+00; 0,01395715;SC;4;Sul
42;Santa Catarina; 2;    8;   11;   0;   8;    0;    9; 7164788; 0,000000000; 0,11165718;0,000000e+00; 0,12561432;SC;4;Sul
42;Santa Catarina; 3;    0;    6;   0;   0;    0;    9; 7164788; 0,000000000; 0,00000000;0,000000e+00; 0,12561432;SC;4;Sul
42;Santa Catarina; 4;   -1;    4;   0;  -1;    0;    8; 7164788; 0,000000000;-0,01395715;0,000000e+00; 0,11165718;SC;4;Sul
42;Santa Catarina; 5;    3;    8;   0;   3;    0;   11; 7164788; 0,000000000; 0,04187144;0,000000e+00; 0,15352862;SC;4;Sul
42;Santa Catarina; 6;    6;   12;   0;   6;    0;   17; 7164788; 0,000000000; 0,08374288;0,000000e+00; 0,23727150;SC;4;Sul
42;Santa Catarina; 7;    4;   10;   0;   4;    0;   21; 7164788; 0,000000000; 0,05582859;0,000000e+00; 0,29310009;SC;4;Sul
42;Santa Catarina; 8;   13;   19;   0;  13;    0;   34; 7164788; 0,000000000; 0,18144291;0,000000e+00; 0,47454300;SC;4;Sul
42;Santa Catarina; 9;   18;   25;   0;  18;    0;   52; 7164788; 0,000000000; 0,25122865;0,000000e+00; 0,72577165;SC;4;Sul
42;Santa Catarina;10;   31;   42;   4;  27;    4;   79; 7164788; 0,055828588; 0,37684297;5,582859e-02; 1,10261462;SC;4;Sul
42;Santa Catarina;11;   96;  108;  24;  72;   28;  151; 7164788; 0,334971530; 1,00491459;3,908001e-01; 2,10752921;SC;4;Sul
42;Santa Catarina;12;  324;  336;  72; 252;  100;  403; 7164788; 1,004914591; 3,51720107;1,395715e+00; 5,62473028;SC;4;Sul
42;Santa Catarina;13;  331;  352;  73; 258;  173;  661; 7164788; 1,018871738; 3,60094395;2,414586e+00; 9,22567423;SC;4;Sul
42;Santa Catarina;14;  255;  277;  53; 202;  226;  863; 7164788; 0,739728796; 2,81934371;3,154315e+00;12,04501794;SC;4;Sul
42;Santa Catarina;15;  276;  298;  36; 240;  262; 1103; 7164788; 0,502457295; 3,34971530;3,656773e+00;15,39473324;SC;4;Sul
42;Santa Catarina;16;  267;  296;  50; 217;  312; 1320; 7164788; 0,697857355; 3,02870092;4,354630e+00;18,42343416;SC;4;Sul
42;Santa Catarina;17;  272;  302;  71; 201;  383; 1521; 7164788; 0,990957444; 2,80538657;5,345587e+00;21,22882073;SC;4;Sul
42;Santa Catarina;18;  249;  291;  60; 189;  443; 1710; 7164788; 0,837428826; 2,63790080;6,183016e+00;23,86672153;SC;4;Sul
42;Santa Catarina;19;  227;  289;  71; 156;  514; 1866; 7164788; 0,990957444; 2,17731495;7,173974e+00;26,04403647;SC;4;Sul
42;Santa Catarina;20;  263;  339; 104; 159;  618; 2025; 7164788; 1,451543298; 2,21918639;8,625517e+00;28,26322286;SC;4;Sul
42;Santa Catarina;21;  276;  347; 128; 148;  746; 2173; 7164788; 1,786514828; 2,06565777;1,041203e+01;30,32888063;SC;4;Sul
43;Rio Grande do Sul; 1;   18;   26;   0;  18;    0;   18;11377239; 0,000000000; 0,15821062;0,000000e+00; 0,15821062;RS;4;Sul
43;Rio Grande do Sul; 2;   17;   26;   0;  17;    0;   35;11377239; 0,000000000; 0,14942114;0,000000e+00; 0,30763175;RS;4;Sul
43;Rio Grande do Sul; 3;    3;   12;   0;   3;    0;   38;11377239; 0,000000000; 0,02636844;0,000000e+00; 0,33400019;RS;4;Sul
43;Rio Grande do Sul; 4;   13;   22;   0;  13;    0;   51;11377239; 0,000000000; 0,11426322;0,000000e+00; 0,44826341;RS;4;Sul
43;Rio Grande do Sul; 5;   12;   20;   0;  12;    0;   63;11377239; 0,000000000; 0,10547374;0,000000e+00; 0,55373716;RS;4;Sul
43;Rio Grande do Sul; 6;   14;   20;   0;  14;    0;   77;11377239; 0,000000000; 0,12305270;0,000000e+00; 0,67678986;RS;4;Sul
43;Rio Grande do Sul; 7;   14;   22;   0;  14;    0;   91;11377239; 0,000000000; 0,12305270;0,000000e+00; 0,79984256;RS;4;Sul
43;Rio Grande do Sul; 8;   25;   35;   0;  25;    0;  116;11377239; 0,000000000; 0,21973697;0,000000e+00; 1,01957953;RS;4;Sul
43;Rio Grande do Sul; 9;   15;   25;   0;  15;    0;  131;11377239; 0,000000000; 0,13184218;0,000000e+00; 1,15142171;RS;4;Sul
43;Rio Grande do Sul;10;   51;   60;   1;  50;    1;  181;11377239; 0,008789479; 0,43947394;8,789479e-03; 1,59089565;RS;4;Sul
43;Rio Grande do Sul;11;   82;  101;  20;  62;   21;  243;11377239; 0,175789574; 0,54494768;1,845791e-01; 2,13584333;RS;4;Sul
43;Rio Grande do Sul;12;  395;  412;  92; 303;  113;  546;11377239; 0,808632042; 2,66321205;9,932111e-01; 4,79905538;RS;4;Sul
43;Rio Grande do Sul;13;  597;  614;  98; 499;  211; 1045;11377239; 0,861368914; 4,38594988;1,854580e+00; 9,18500525;RS;4;Sul
43;Rio Grande do Sul;14;  498;  525;  75; 423;  286; 1468;11377239; 0,659210903; 3,71794950;2,513791e+00;12,90295475;RS;4;Sul
43;Rio Grande do Sul;15;  506;  536;  96; 410;  382; 1878;11377239; 0,843789956; 3,60368627;3,357581e+00;16,50664102;RS;4;Sul
43;Rio Grande do Sul;16;  567;  605; 157; 410;  539; 2288;11377239; 1,379948158; 3,60368627;4,737529e+00;20,11032729;RS;4;Sul
43;Rio Grande do Sul;17;  687;  740; 230; 457;  769; 2745;11377239; 2,021580104; 4,01679177;6,759109e+00;24,12711907;RS;4;Sul
43;Rio Grande do Sul;18;  663;  714; 209; 454;  978; 3199;11377239; 1,837001051; 3,99042334;8,596110e+00;28,11754240;RS;4;Sul
43;Rio Grande do Sul;19;  683;  759; 251; 432; 1229; 3631;11377239; 2,206159157; 3,79705480;1,080227e+01;31,91459721;RS;4;Sul
43;Rio Grande do Sul;20;  740;  815; 239; 501; 1468; 4132;11377239; 2,100685412; 4,40352884;1,290295e+01;36,31812604;RS;4;Sul
43;Rio Grande do Sul;21;  745;  827; 247; 498; 1715; 4630;11377239; 2,171001242; 4,37716040;1,507396e+01;40,69528644;RS;4;Sul
50;Mato Grosso do Sul; 1;    4;    5;   0;   4;    0;    4; 2778986; 0,000000000; 0,14393739;0,000000e+00; 0,14393739;MS;5;Centro Oeste
50;Mato Grosso do Sul; 2;    4;    6;   0;   4;    0;    8; 2778986; 0,000000000; 0,14393739;0,000000e+00; 0,28787479;MS;5;Centro Oeste
50;Mato Grosso do Sul; 3;    7;    9;   0;   7;    0;   15; 2778986; 0,000000000; 0,25189044;0,000000e+00; 0,53976522;MS;5;Centro Oeste
50;Mato Grosso do Sul; 4;   11;   13;   0;  11;    0;   26; 2778986; 0,000000000; 0,39582783;0,000000e+00; 0,93559305;MS;5;Centro Oeste
50;Mato Grosso do Sul; 5;    9;   10;   0;   9;    0;   35; 2778986; 0,000000000; 0,32385913;0,000000e+00; 1,25945219;MS;5;Centro Oeste
50;Mato Grosso do Sul; 6;   11;   13;   0;  11;    0;   46; 2778986; 0,000000000; 0,39582783;0,000000e+00; 1,65528002;MS;5;Centro Oeste
50;Mato Grosso do Sul; 7;    5;    9;   0;   5;    0;   51; 2778986; 0,000000000; 0,17992174;0,000000e+00; 1,83520176;MS;5;Centro Oeste
50;Mato Grosso do Sul; 8;   14;   15;   0;  14;    0;   65; 2778986; 0,000000000; 0,50378088;0,000000e+00; 2,33898264;MS;5;Centro Oeste
50;Mato Grosso do Sul; 9;   20;   23;   0;  20;    0;   85; 2778986; 0,000000000; 0,71968696;0,000000e+00; 3,05866960;MS;5;Centro Oeste
50;Mato Grosso do Sul;10;   16;   23;   0;  16;    0;  101; 2778986; 0,000000000; 0,57574957;0,000000e+00; 3,63441917;MS;5;Centro Oeste
50;Mato Grosso do Sul;11;   74;   83;   5;  69;    5;  170; 2778986; 0,179921741; 2,48292003;1,799217e-01; 6,11733920;MS;5;Centro Oeste
50;Mato Grosso do Sul;12;  199;  205;  11; 188;   16;  358; 2778986; 0,395827831; 6,76505747;5,757496e-01;12,88239667;MS;5;Centro Oeste
50;Mato Grosso do Sul;13;  164;  174;  11; 153;   27;  511; 2778986; 0,395827831; 5,50560528;9,715774e-01;18,38800195;MS;5;Centro Oeste
50;Mato Grosso do Sul;14;  177;  185;  17; 160;   44;  671; 2778986; 0,611733920; 5,75749572;1,583311e+00;24,14549767;MS;5;Centro Oeste
50;Mato Grosso do Sul;15;  140;  151;  11; 129;   55;  800; 2778986; 0,395827831; 4,64198092;1,979139e+00;28,78747860;MS;5;Centro Oeste
50;Mato Grosso do Sul;16;  113;  124;  11; 102;   66;  902; 2778986; 0,395827831; 3,67040352;2,374967e+00;32,45788212;MS;5;Centro Oeste
50;Mato Grosso do Sul;17;  139;  147;   7; 132;   73; 1034; 2778986; 0,251890438; 4,74993397;2,626857e+00;37,20781609;MS;5;Centro Oeste
50;Mato Grosso do Sul;18;  119;  129;  10; 109;   83; 1143; 2778986; 0,359843482; 3,92229396;2,986701e+00;41,13011005;MS;5;Centro Oeste
50;Mato Grosso do Sul;19;  121;  127;  19; 102;  102; 1245; 2778986; 0,683702617; 3,67040352;3,670404e+00;44,80051357;MS;5;Centro Oeste
50;Mato Grosso do Sul;20;  142;  155;  39; 103;  141; 1348; 2778986; 1,403389582; 3,70638787;5,073793e+00;48,50690144;MS;5;Centro Oeste
50;Mato Grosso do Sul;21;  190;  204;  62; 128;  203; 1476; 2778986; 2,231029591; 4,60599658;7,304823e+00;53,11289801;MS;5;Centro Oeste
51;Mato Grosso; 1;    0;    1;   0;   0;    0;    0; 3484466; 0,000000000; 0,00000000;0,000000e+00; 0,00000000;MT;5;Centro Oeste
51;Mato Grosso; 2;    0;    1;   0;   0;    0;    0; 3484466; 0,000000000; 0,00000000;0,000000e+00; 0,00000000;MT;5;Centro Oeste
51;Mato Grosso; 3;    3;    3;   0;   3;    0;    3; 3484466; 0,000000000; 0,08609641;0,000000e+00; 0,08609641;MT;5;Centro Oeste
51;Mato Grosso; 4;    0;    0;   0;   0;    0;    3; 3484466; 0,000000000; 0,00000000;0,000000e+00; 0,08609641;MT;5;Centro Oeste
51;Mato Grosso; 5;    1;    2;   0;   1;    0;    4; 3484466; 0,000000000; 0,02869880;0,000000e+00; 0,11479521;MT;5;Centro Oeste
51;Mato Grosso; 6;    1;    1;   0;   1;    0;    5; 3484466; 0,000000000; 0,02869880;0,000000e+00; 0,14349401;MT;5;Centro Oeste
51;Mato Grosso; 7;    1;    3;   0;   1;    0;    6; 3484466; 0,000000000; 0,02869880;0,000000e+00; 0,17219281;MT;5;Centro Oeste
51;Mato Grosso; 8;    8;    9;   0;   8;    0;   14; 3484466; 0,000000000; 0,22959042;0,000000e+00; 0,40178323;MT;5;Centro Oeste
51;Mato Grosso; 9;    6;    7;   0;   6;    0;   20; 3484466; 0,000000000; 0,17219281;0,000000e+00; 0,57397604;MT;5;Centro Oeste
51;Mato Grosso;10;    9;   12;   2;   7;    2;   27; 3484466; 0,057397604; 0,20089161;5,739760e-02; 0,77486766;MT;5;Centro Oeste
51;Mato Grosso;11;   42;   44;   8;  34;   10;   61; 3484466; 0,229590416; 0,97575927;2,869880e-01; 1,75062693;MT;5;Centro Oeste
51;Mato Grosso;12;   72;   74;  10;  62;   20;  123; 3484466; 0,286988021; 1,77932573;5,739760e-01; 3,52995265;MT;5;Centro Oeste
51;Mato Grosso;13;  114;  115;  21;  93;   41;  216; 3484466; 0,602674843; 2,66898859;1,176651e+00; 6,19894124;MT;5;Centro Oeste
51;Mato Grosso;14;  115;  117;  22;  93;   63;  309; 3484466; 0,631373645; 2,66898859;1,808025e+00; 8,86792983;MT;5;Centro Oeste
51;Mato Grosso;15;  105;  107;  16;  89;   79;  398; 3484466; 0,459180833; 2,55419338;2,267205e+00;11,42212322;MT;5;Centro Oeste
51;Mato Grosso;16;   88;   91;  11;  77;   90;  475; 3484466; 0,315686823; 2,20980776;2,582892e+00;13,63193098;MT;5;Centro Oeste
51;Mato Grosso;17;   94;   98;  27;  67;  117;  542; 3484466; 0,774867655; 1,92281974;3,357760e+00;15,55475071;MT;5;Centro Oeste
51;Mato Grosso;18;  120;  123;  55;  65;  172;  607; 3484466; 1,578434113; 1,86542213;4,936194e+00;17,42017285;MT;5;Centro Oeste
51;Mato Grosso;19;  204;  205;  90; 114;  262;  721; 3484466; 2,582892185; 3,27166343;7,519086e+00;20,69183628;MT;5;Centro Oeste
51;Mato Grosso;20;  233;  237; 106; 127;  368;  848; 3484466; 3,042073018; 3,64474786;1,056116e+01;24,33658414;MT;5;Centro Oeste
51;Mato Grosso;21;  309;  311; 112; 197;  480; 1045; 3484466; 3,214265830; 5,65366400;1,377542e+01;29,99024815;MT;5;Centro Oeste
52;Goiás; 1;    2;    3;   0;   2;    0;    2; 7018354; 0,000000000; 0,02849671;0,000000e+00; 0,02849671;GO;5;Centro Oeste
52;Goiás; 2;   11;   15;   0;  11;    0;   13; 7018354; 0,000000000; 0,15673191;0,000000e+00; 0,18522862;GO;5;Centro Oeste
52;Goiás; 3;    9;   12;   0;   9;    0;   22; 7018354; 0,000000000; 0,12823520;0,000000e+00; 0,31346381;GO;5;Centro Oeste
52;Goiás; 4;    1;    5;   0;   1;    0;   23; 7018354; 0,000000000; 0,01424836;0,000000e+00; 0,32771217;GO;5;Centro Oeste
52;Goiás; 5;    5;   10;   0;   5;    0;   28; 7018354; 0,000000000; 0,07124178;0,000000e+00; 0,39895394;GO;5;Centro Oeste
52;Goiás; 6;    2;    6;   0;   2;    0;   30; 7018354; 0,000000000; 0,02849671;0,000000e+00; 0,42745065;GO;5;Centro Oeste
52;Goiás; 7;    5;   11;   0;   5;    0;   35; 7018354; 0,000000000; 0,07124178;0,000000e+00; 0,49869243;GO;5;Centro Oeste
52;Goiás; 8;    3;    9;   0;   3;    0;   38; 7018354; 0,000000000; 0,04274507;0,000000e+00; 0,54143749;GO;5;Centro Oeste
52;Goiás; 9;   10;   16;   0;  10;    0;   48; 7018354; 0,000000000; 0,14248355;0,000000e+00; 0,68392104;GO;5;Centro Oeste
52;Goiás;10;   26;   33;   0;  26;    0;   74; 7018354; 0,000000000; 0,37045723;0,000000e+00; 1,05437828;GO;5;Centro Oeste
52;Goiás;11;   84;   93;  11;  73;   11;  147; 7018354; 0,156731906; 1,04012992;1,567319e-01; 2,09450820;GO;5;Centro Oeste
52;Goiás;12;  158;  165;  18; 140;   29;  287; 7018354; 0,256470392; 1,99476971;4,132023e-01; 4,08927791;GO;5;Centro Oeste
52;Goiás;13;  145;  155;  25; 120;   54;  407; 7018354; 0,356208877; 1,70980261;7,694112e-01; 5,79908053;GO;5;Centro Oeste
52;Goiás;14;  162;  171;  34; 128;   88;  535; 7018354; 0,484444073; 1,82378945;1,253855e+00; 7,62286998;GO;5;Centro Oeste
52;Goiás;15;  149;  157;  31; 118;  119;  653; 7018354; 0,441699008; 1,68130590;1,695554e+00; 9,30417588;GO;5;Centro Oeste
52;Goiás;16;  147;  166;  30; 117;  149;  770; 7018354; 0,427450653; 1,66705755;2,123005e+00;10,97123343;GO;5;Centro Oeste
52;Goiás;17;  182;  195;  48; 134;  197;  904; 7018354; 0,683921045; 1,90927958;2,806926e+00;12,88051301;GO;5;Centro Oeste
52;Goiás;18;  239;  258;  75; 164;  272; 1068; 7018354; 1,068626632; 2,33673024;3,875553e+00;15,21724325;GO;5;Centro Oeste
52;Goiás;19;  246;  264;  72; 174;  344; 1242; 7018354; 1,025881567; 2,47921379;4,901434e+00;17,69645703;GO;5;Centro Oeste
52;Goiás;20;  270;  285;  89; 181;  433; 1423; 7018354; 1,268103604; 2,57895227;6,169538e+00;20,27540931;GO;5;Centro Oeste
52;Goiás;21;  288;  302;  90; 198;  523; 1621; 7018354; 1,282351959; 2,82117431;7,451890e+00;23,09658361;GO;5;Centro Oeste
53;Distrito Federal; 1;   24;   27;   0;  24;    0;   24; 3015268; 0,000000000; 0,79594915;0,000000e+00; 0,79594915;DF;5;Centro Oeste
53;Distrito Federal; 2;   17;   19;   0;  17;    0;   41; 3015268; 0,000000000; 0,56379731;0,000000e+00; 1,35974646;DF;5;Centro Oeste
53;Distrito Federal; 3;   19;   21;   0;  19;    0;   60; 3015268; 0,000000000; 0,63012641;0,000000e+00; 1,98987287;DF;5;Centro Oeste
53;Distrito Federal; 4;   18;   20;   0;  18;    0;   78; 3015268; 0,000000000; 0,59696186;0,000000e+00; 2,58683474;DF;5;Centro Oeste
53;Distrito Federal; 5;   19;   20;   0;  19;    0;   97; 3015268; 0,000000000; 0,63012641;0,000000e+00; 3,21696115;DF;5;Centro Oeste
53;Distrito Federal; 6;   16;   19;   0;  16;    0;  113; 3015268; 0,000000000; 0,53063277;0,000000e+00; 3,74759391;DF;5;Centro Oeste
53;Distrito Federal; 7;   25;   27;   0;  25;    0;  138; 3015268; 0,000000000; 0,82911370;0,000000e+00; 4,57670761;DF;5;Centro Oeste
53;Distrito Federal; 8;   37;   38;   0;  37;    0;  175; 3015268; 0,000000000; 1,22708827;0,000000e+00; 5,80379588;DF;5;Centro Oeste
53;Distrito Federal; 9;   46;   51;   0;  46;    0;  221; 3015268; 0,000000000; 1,52556920;0,000000e+00; 7,32936508;DF;5;Centro Oeste
53;Distrito Federal;10;   60;   65;   3;  57;    3;  278; 3015268; 0,099493644; 1,89037923;9,949364e-02; 9,21974431;DF;5;Centro Oeste
53;Distrito Federal;11;   99;  107;   5;  94;    8;  372; 3015268; 0,165822739; 3,11746750;2,653164e-01;12,33721182;DF;5;Centro Oeste
53;Distrito Federal;12;  177;  184;  26; 151;   34;  523; 3015268; 0,862278245; 5,00784673;1,127595e+00;17,34505855;DF;5;Centro Oeste
53;Distrito Federal;13;  159;  168;  43; 116;   77;  639; 3015268; 1,426075559; 3,84708756;2,553670e+00;21,19214610;DF;5;Centro Oeste
53;Distrito Federal;14;  145;  156;  26; 119;  103;  758; 3015268; 0,862278245; 3,94658120;3,415948e+00;25,13872730;DF;5;Centro Oeste
53;Distrito Federal;15;  164;  170;  33; 131;  136;  889; 3015268; 1,094430081; 4,34455577;4,510379e+00;29,48328308;DF;5;Centro Oeste
53;Distrito Federal;16;  180;  188;  47; 133;  183; 1022; 3015268; 1,558733751; 4,41088487;6,069112e+00;33,89416795;DF;5;Centro Oeste
53;Distrito Federal;17;  220;  227;  77; 143;  260; 1165; 3015268; 2,553670188; 4,74253035;8,622782e+00;38,63669830;DF;5;Centro Oeste
53;Distrito Federal;18;  284;  294; 126; 158;  386; 1323; 3015268; 4,178733035; 5,23999857;1,280152e+01;43,87669686;DF;5;Centro Oeste
53;Distrito Federal;19;  305;  313; 184; 121;  570; 1444; 3015268; 6,102276813; 4,01291030;1,890379e+01;47,88960716;DF;5;Centro Oeste
53;Distrito Federal;20;  374;  383; 252; 122;  822; 1566; 3015268; 8,357466069; 4,04607484;2,726126e+01;51,93568200;DF;5;Centro Oeste
53;Distrito Federal;21;  443;  454; 285; 158; 1107; 1724; 3015268; 9,451896150; 5,23999857;3,671315e+01;57,17568057;DF;5;Centro Oeste
